<?xml version="1.0" encoding="UTF-8"?>
<project-private xmlns="http://www.netbeans.org/ns/project-private/1">
    <editor-bookmarks xmlns="http://www.netbeans.org/ns/editor-bookmarks/2" lastBookmarkId="0"/>
    <open-files xmlns="http://www.netbeans.org/ns/projectui-open-files/2">
        <group>
            <file>file:/C:/Users/Alunos/Desktop/ProjetoBanco---TP/MOVCONTACORRENTE/src/DAO/connectDAO.java</file>
            <file>file:/C:/Users/Alunos/Desktop/ProjetoBanco---TP/MOVCONTACORRENTE/src/VIEW/Cad_Agencias.java</file>
            <file>file:/C:/Users/Alunos/Desktop/ProjetoBanco---TP/MOVCONTACORRENTE/src/VIEW/Cad_ContaCorrente.java</file>
            <file>file:/C:/Users/Alunos/Desktop/ProjetoBanco---TP/MOVCONTACORRENTE/src/DAO/Usuarios.java</file>
            <file>file:/C:/Users/Alunos/Desktop/ProjetoBanco---TP/MOVCONTACORRENTE/src/VIEW/Cad_Movimentacao.java</file>
            <file>file:/C:/Users/Alunos/Desktop/ProjetoBanco---TP/MOVCONTACORRENTE/src/VIEW/Menu.java</file>
            <file>file:/C:/Users/Alunos/Desktop/ProjetoBanco---TP/MOVCONTACORRENTE/src/VIEW/Cad_Usuarios.java</file>
            <file>file:/C:/Users/Alunos/Desktop/ProjetoBanco---TP/MOVCONTACORRENTE/src/VIEW/Cad_Historicos.java</file>
            <file>file:/C:/Users/Alunos/Desktop/ProjetoBanco---TP/MOVCONTACORRENTE/src/DAO/Movimentacao.java</file>
            <file>file:/C:/Users/Alunos/Desktop/ProjetoBanco---TP/MOVCONTACORRENTE/src/VIEW/Cliente.java</file>
            <file>file:/C:/Users/Alunos/Desktop/ProjetoBanco---TP/MOVCONTACORRENTE/src/VIEW/ConsultaTabela.java</file>
        </group>
    </open-files>
</project-private>
